"WorkID","Title","Status","Message","ImageFileName","MatchStatus","MatchMethod","MatchScore","DetailPage","ProductURL"
"RE-001759","Beau Lief Chapel","OK","Ready.","beau lief chapel drawing 14 x 17 rough sketch.jpg","OK","filename contains title","96","D:\github\ron-english-paintings-2020s\detail\paintings\2020s\2026\Beau-Lief-Chapel.html","https://clutter.co/product/beau-lief-drawing-ron-english/"
"RE-001763","Big Duck","OK","Ready.","big duck drawing 14 x 17 Primal Pop Duck series.jpg","OK","filename contains title","96","D:\github\ron-english-paintings-2020s\detail\paintings\2020s\2026\Big-Duck.html","https://clutter.co/product/big-duck-drawing-ron-english/"
"RE-001764","Dog Face Shell","OK","Ready.","dog face shell skull drawing  14 x 17 Primal Pop series.jpg","OK","filename contains title","96","D:\github\ron-english-paintings-2020s\detail\paintings\2020s\2026\Dog-Face-Shell.html","https://clutter.co/product/dog-face-shell-drawing-ron-english/"
"RE-001766","Elefanka on her High Horse","OK","Ready.","elefanka on her high horse drawing  14 x 17 Delusionville characters.jpg","OK","filename contains title","96","D:\github\ron-english-paintings-2020s\detail\paintings\2020s\2026\Elefanka-on-her-High-Horse.html","https://clutter.co/product/elefanka-on-her-high-horse-drawing-ron-english/"
"RE-001767","Eyeball DNA Dock","OK","Ready.","eyeball dna dock drawing  14 x 17 Primal Pop series.jpg","OK","filename contains title","96","D:\github\ron-english-paintings-2020s\detail\paintings\2020s\2026\Eyeball-DNA-Dock.html","https://clutter.co/product/eyeball-dna-dock-drawing-ron-english/"
"RE-001768","Fairy Snail","OK","Ready.","fairy snail drawing  14 x 17 Delusionville character.jpg","OK","filename contains title","96","D:\github\ron-english-paintings-2020s\detail\paintings\2020s\2026\Fairy-Snail.html","https://clutter.co/product/fairy-snail-drawing-ron-english/"
"RE-011971","The Ugliest Man in the Universe","OK","Ready.","The Ugliest Man in the Universe.jpg","OK","exact normalized basename","100","D:\github\ron-english-paintings-2020s\detail\paintings\2020s\2026\The-Ugliest-Man-in-the-Universe.html","https://clutter.co/product/the-ugliest-man-in-the-universe-drawing/"
"RE-011972","Flower Girl Profile","OK","Ready.","flower girl profile drawing 8 x 12 Petal Pal character study.jpg","OK","filename contains title","96","D:\github\ron-english-paintings-2020s\detail\paintings\2020s\2026\Flower-Girl-Profile.html","https://clutter.co/product/flower-girl-drawing-ron-english/"
"RE-011973","Flower Mermaid","OK","Ready.","flower mermaid drawing 8 x 12 Petal Pal character study.jpg","OK","filename contains title","96","D:\github\ron-english-paintings-2020s\detail\paintings\2020s\2026\Flower-Mermaid.html","https://clutter.co/product/flower-mermaid-drawing-ron-english/"
"RE-011974","Graff Mousemask","OK","Ready.","graff mousemask drawing 8 x 12 Delusionville study.jpg","OK","filename contains title","96","D:\github\ron-english-paintings-2020s\detail\paintings\2020s\2026\Graff-Mousemask.html","https://clutter.co/product/graff-mousemask-drawing-ron-english/"
"RE-011975","Gridiron Grab","OK","Ready.","gridiron grab drawing 14 x 17.jpg","OK","filename contains title","96","D:\github\ron-english-paintings-2020s\detail\paintings\2020s\2026\Gridiron-Grab.html","https://clutter.co/product/gridiron-drawing-ron-english/"
"RE-011976","Li'l Bigfoot","OK","Ready.","lil bigfoot drawing 8 x 12 Delusionville study.jpg","OK","filename contains title","96","D:\github\ron-english-paintings-2020s\detail\paintings\2020s\2026\Lil-Bigfoot.html","https://clutter.co/product/lil-bigfoot-drawing-ron-english/"
"RE-011977","MC Snowglobe","OK","Ready.","MC snowglobe eyes drawing  14 x 17 Primal Pop.jpg","OK","filename contains title","96","D:\github\ron-english-paintings-2020s\detail\paintings\2020s\2026\MC-Snowglobe.html","https://clutter.co/product/mc-snowglobe-eyes-drawing-ron-english/"
"RE-011978","Paws Profile","OK","Ready.","paws profile drawing 8 x 12 Delusionville.jpg","OK","filename contains title","96","D:\github\ron-english-paintings-2020s\detail\paintings\2020s\2026\Paws-Profile.html","https://clutter.co/product/paws-profile-drawing-ron-english/"
"RE-011979","Rabbbit Flower","OK","Ready.","rabbbit flower drawing 8 x 12 Delusionville Petal Pals.jpg","OK","filename contains title","96","D:\github\ron-english-paintings-2020s\detail\paintings\2020s\2026\Rabbbit-Flower.html","https://clutter.co/product/rabbit-flower-drawing-ron-english/"
"RE-011980","Santa Flower","OK","Ready.","santa flower drawing 8 x 12 Petal Pals.jpg","OK","filename contains title","96","D:\github\ron-english-paintings-2020s\detail\paintings\2020s\2026\Santa-Flower.html","https://clutter.co/product/santa-flower-drawing-ron-english/"
"RE-011981","Slo Moe Evolution","OK","Ready.","slo moe evolution drawing 14 x 17 Delusionville Fairy Fable.jpg","OK","filename contains title","96","D:\github\ron-english-paintings-2020s\detail\paintings\2020s\2026\Slo-Moe-Evolution.html","https://clutter.co/product/slo-moe-evolution-drawing-ron-english/"
"RE-011982","Temper Tot","OK","Ready.","temper tot drawing 8 x 12 Delusionville.jpg","OK","filename contains title","96","D:\github\ron-english-paintings-2020s\detail\paintings\2020s\2026\Temper-Tot.html","https://clutter.co/product/temper-tot-drawing-ron-english/"
"RE-011983","Uncle Scam","OK","Ready.","uncle scam drawing 8 x 12 Primal Popaganda.jpg","OK","filename contains title","96","D:\github\ron-english-paintings-2020s\detail\paintings\2020s\2026\Uncle-Scam.html","https://clutter.co/product/uncle-scam-drawing-ron-english/"
"RE-011984","Weed Seed","OK","Ready.","weed seed drawing  14 x 17 Delusionville landscape.jpg","OK","filename contains title","96","D:\github\ron-english-paintings-2020s\detail\paintings\2020s\2026\Weed-Seed.html","https://clutter.co/product/weed-seed-drawing-ron-english/"
"RE-011986","Duck Mermaid","OK","Ready.","Duck Mermaid.jpg","OK","exact normalized basename","100","D:\github\ron-english-paintings-2020s\detail\paintings\2020s\2026\Duck-Mermaid.html","https://clutter.co/product/duck-mermaid-drawing/"
"RE-011987","Kaiju Clown","OK","Ready.","Kaiju Clown.jpg","OK","exact normalized basename","100","D:\github\ron-english-paintings-2020s\detail\paintings\2020s\2026\Kaiju-Clown.html","https://clutter.co/product/kaiju-clown-drawing/"
