"SortOrder","IndexTitle","AltText","DetailHref","DetailPath","DetailExists","ImageSrc","ImagePath","ImageExists","DetailMetaTitle","DetailDate","Medium","Dimensions","WorkID","MetaWorkID","SignatureMarks","DetailHeroImage","DetailHeroImageExists"
"1","Alien Frog Brain","Alien Frog Brain","../../../detail/paintings/2020s/2025/Alien-Frog-Brain.html","D:\github\ron-english-paintings-2020s\detail\paintings\2020s\2025\Alien-Frog-Brain.html","YES","../../../images/Paintings/2020s/2025/alien_frog_brain.jpg","D:\github\ron-english-paintings-2020s\images\Paintings\2020s\2025\alien_frog_brain.jpg","YES","Alien Frog Brain","2025","Oil and acrylic on paper","24 × 36 inches","RE-001690","RE-001690","None observed.","../../../../images/Paintings/2020s/2025/alien_frog_brain.jpg","YES"
"2","Barney Grin Stencil","Barney Grin Stencil","../../../detail/paintings/2020s/2025/Barney-Grin-Stencil-1.html","D:\github\ron-english-paintings-2020s\detail\paintings\2020s\2025\Barney-Grin-Stencil-1.html","YES","../../../images/Paintings/2020s/2025/barney_grin_stencil_1.jpg","D:\github\ron-english-paintings-2020s\images\Paintings\2020s\2025\barney_grin_stencil_1.jpg","YES","Barney Grin Stencil 1","2025","Spray paint on paper","24 × 36 inches","RE-001691","RE-001691","None observed.","../../../../images/Paintings/2020s/2025/barney_grin_stencil_1.jpg","YES"
"3","Bride of Patrick","Bride of Patrick","../../../detail/paintings/2020s/2025/Patrick-Bride.html","D:\github\ron-english-paintings-2020s\detail\paintings\2020s\2025\Patrick-Bride.html","YES","../../../images/Paintings/2020s/2025/patrick_bride.jpg","D:\github\ron-english-paintings-2020s\images\Paintings\2020s\2025\patrick_bride.jpg","YES","Bride of Patrick","2025","Oil and acrylic on paper","24 × 36 inches","RE-001747","RE-001747","Signed “ENGLISH,” lower right.","../../../../images/Paintings/2020s/2025/patrick_bride.jpg","YES"
"4","Bronze Mousemask","Bronze Mousemask","../../../detail/paintings/2020s/2025/Bronze-Mousemask.html","D:\github\ron-english-paintings-2020s\detail\paintings\2020s\2025\Bronze-Mousemask.html","YES","../../../images/Paintings/2020s/2025/bronze_mousemask.jpg","D:\github\ron-english-paintings-2020s\images\Paintings\2020s\2025\bronze_mousemask.jpg","YES","Bronze Mousemask","2025","Oil and acrylic on paper","24 × 36 inches","RE-001693","RE-001693","Signed ""ENGLISH,"" lower right.","../../../../images/Paintings/2020s/2025/bronze_mousemask.jpg","YES"
"5","Charlie Grin Stencil","Charlie Grin Stencil","../../../detail/paintings/2020s/2025/Charlie-Grin-Stencil.html","D:\github\ron-english-paintings-2020s\detail\paintings\2020s\2025\Charlie-Grin-Stencil.html","YES","../../../images/Paintings/2020s/2025/charlie_grin stencil.jpg","D:\github\ron-english-paintings-2020s\images\Paintings\2020s\2025\charlie_grin stencil.jpg","YES","Charlie Grin Stencil","2025","Spraypaint on paper","24 × 36 inches","RE-001695","RE-001695","Signed ""ENGLISH,"" lower right.","../../../../images/Paintings/2020s/2025/charlie_grin stencil.jpg","YES"
"6","Dove Grenade","Dove Grenade","../../../detail/paintings/2020s/2025/Dove-Grenade.html","D:\github\ron-english-paintings-2020s\detail\paintings\2020s\2025\Dove-Grenade.html","YES","../../../images/Paintings/2020s/2025/dove_grenade.jpg","D:\github\ron-english-paintings-2020s\images\Paintings\2020s\2025\dove_grenade.jpg","YES","Dove Grenade","2025","Oil and acrylic on paper","24 × 36 inches","RE-001696","RE-001696","Signed ""ENGLISH,"" lower right.","../../../../images/Paintings/2020s/2025/dove_grenade.jpg","YES"
"7","Elefanka","Elefanka","../../../detail/paintings/2020s/2025/Elefanka.html","D:\github\ron-english-paintings-2020s\detail\paintings\2020s\2025\Elefanka.html","YES","../../../images/Paintings/2020s/2025/elefanka.jpg","D:\github\ron-english-paintings-2020s\images\Paintings\2020s\2025\elefanka.jpg","YES","Elefanka","2025","Oil and acrylic on paper","24 × 36 inches","RE-001697","RE-001697","Signed ""ENGLISH,"" lower right.","../../../../images/Paintings/2020s/2025/elefanka.jpg","YES"
"8","Fishbowl Astronaut","Fishbowl Astronaut","../../../detail/paintings/2020s/2025/Fishbowl-Astronaut.html","D:\github\ron-english-paintings-2020s\detail\paintings\2020s\2025\Fishbowl-Astronaut.html","YES","../../../images/Paintings/2020s/2025/fishbowl_astronaut.jpg","D:\github\ron-english-paintings-2020s\images\Paintings\2020s\2025\fishbowl_astronaut.jpg","YES","Fishbowl Astronaut","2025","Oil and acrylic on paper","24 × 36 inches","RE-001698","RE-001698","None observed.","../../../../images/Paintings/2020s/2025/fishbowl_astronaut.jpg","YES"
"9","Flower Girl","Flower Girl","../../../detail/paintings/2020s/2025/Flower-Girl.html","D:\github\ron-english-paintings-2020s\detail\paintings\2020s\2025\Flower-Girl.html","YES","../../../images/Paintings/2020s/2025/flower_girl.jpg","D:\github\ron-english-paintings-2020s\images\Paintings\2020s\2025\flower_girl.jpg","YES","Flower Girl","2025","Oil and acrylic on paper","24 × 36 inches","RE-001699","RE-001699","Signed “ENGLISH,” lower right.","../../../../images/Paintings/2020s/2025/flower_girl.jpg","YES"
"10","Forlorn Unicorn","Forlorn Unicorn","../../../detail/paintings/2020s/2025/Forlorn-Unicorn.html","D:\github\ron-english-paintings-2020s\detail\paintings\2020s\2025\Forlorn-Unicorn.html","YES","../../../images/Paintings/2020s/2025/forlorn unicorn.jpg","D:\github\ron-english-paintings-2020s\images\Paintings\2020s\2025\forlorn unicorn.jpg","YES","Forlorn Unicorn","2025","Oil and acrylic on paper","24 × 36 inches","RE-001700","RE-001700","Signed “ENGLISH,” lower right.","../../../../images/Paintings/2020s/2025/forlorn unicorn.jpg","YES"
"11","Heart Skull Stencil","Heart Skull Stencil","../../../detail/paintings/2020s/2025/Heart-Skull-Stencil.html","D:\github\ron-english-paintings-2020s\detail\paintings\2020s\2025\Heart-Skull-Stencil.html","YES","../../../images/Paintings/2020s/2025/heart_skull_stencil.jpg","D:\github\ron-english-paintings-2020s\images\Paintings\2020s\2025\heart_skull_stencil.jpg","YES","Heart Skull Stencil","2025","Spray paint on paper","24 × 36 inches","RE-001701","RE-001701","None observed.","../../../../images/Paintings/2020s/2025/heart_skull_stencil.jpg","YES"
"12","Krusty Grin Stencil 1","Krusty Grin Stencil 1","../../../detail/paintings/2020s/2025/Krusty-Grin-Stencil-1.html","D:\github\ron-english-paintings-2020s\detail\paintings\2020s\2025\Krusty-Grin-Stencil-1.html","YES","../../../images/Paintings/2020s/2025/krusty_grin stencil 1.jpg","D:\github\ron-english-paintings-2020s\images\Paintings\2020s\2025\krusty_grin stencil 1.jpg","YES","Krusty Grin Stencil 1","2025","Spray paint on paper","24 × 36 inches","RE-001702","RE-001702","None observed.","../../../../images/Paintings/2020s/2025/krusty_grin stencil 1.jpg","YES"
"13","Krusty Grin Stencil 2","Krusty Grin Stencil 2","../../../detail/paintings/2020s/2025/Krusty-Grin-Stencil-2.html","D:\github\ron-english-paintings-2020s\detail\paintings\2020s\2025\Krusty-Grin-Stencil-2.html","YES","../../../images/Paintings/2020s/2025/krusty_grin stencil 2.jpg","D:\github\ron-english-paintings-2020s\images\Paintings\2020s\2025\krusty_grin stencil 2.jpg","YES","Krusty Grin Stencil 2","2025","Spray paint on paper","24 × 36 inches","RE-001703","RE-001703","None observed.","../../../../images/Paintings/2020s/2025/krusty_grin stencil 2.jpg","YES"
"14","Lady Lips Stencil 1","Lady Lips Stencil 1","../../../detail/paintings/2020s/2025/Lady-Lips-Stencil-1.html","D:\github\ron-english-paintings-2020s\detail\paintings\2020s\2025\Lady-Lips-Stencil-1.html","YES","../../../images/Paintings/2020s/2025/lady_lips_stencil_1.jpg","D:\github\ron-english-paintings-2020s\images\Paintings\2020s\2025\lady_lips_stencil_1.jpg","YES","Lady Lips Stencil 1","2025","Spray paint on paper","24 × 36 inches","RE-001704","RE-001704","None observed.","../../../../images/Paintings/2020s/2025/lady_lips_stencil_1.jpg","YES"
"15","Lady Lips Stencil 2","Lady Lips Stencil 2","../../../detail/paintings/2020s/2025/Lady-Lips-Stencil-2.html","D:\github\ron-english-paintings-2020s\detail\paintings\2020s\2025\Lady-Lips-Stencil-2.html","YES","../../../images/Paintings/2020s/2025/lady_lips_stencil_2.jpg","D:\github\ron-english-paintings-2020s\images\Paintings\2020s\2025\lady_lips_stencil_2.jpg","YES","Lady Lips Stencil 2","2025","Spray paint on paper","24 × 36 inches","RE-001705","RE-001705","None observed.","../../../../images/Paintings/2020s/2025/lady_lips_stencil_2.jpg","YES"
"16","Ladyzilla with Bunnny","Ladyzilla with Bunnny","../../../detail/paintings/2020s/2025/Ladyzilla-Bunnny.html","D:\github\ron-english-paintings-2020s\detail\paintings\2020s\2025\Ladyzilla-Bunnny.html","YES","../../../images/Paintings/2020s/2025/ladyzilla_bunnny.jpg","D:\github\ron-english-paintings-2020s\images\Paintings\2020s\2025\ladyzilla_bunnny.jpg","YES","Ladyzilla with Bunnny","2025","Oil and acrylic on paper","24 × 36 inches","RE-001706","RE-001706","None observed.","../../../../images/Paintings/2020s/2025/ladyzilla_bunnny.jpg","YES"
"17","Last Breakfast With Holy Ghost","Last Breakfast With Holy ghost","../../../detail/paintings/2020s/2025/Last-Breakfast-With-Holyghost.html","D:\github\ron-english-paintings-2020s\detail\paintings\2020s\2025\Last-Breakfast-With-Holyghost.html","YES","../../../images/Paintings/2020s/2025/last_breakfast_with_holyghost.jpg","D:\github\ron-english-paintings-2020s\images\Paintings\2020s\2025\last_breakfast_with_holyghost.jpg","YES","Last Breakfast with Holy Ghost","2025","Oil and acrylic on paper","24 × 36 inches","RE-001727","RE-001727","Signed ""ENGLISH,"" lower right.","../../../../images/Paintings/2020s/2025/last_breakfast_with_holyghost.jpg","YES"
"18","Liberty Grin","Liberty Grin","../../../detail/paintings/2020s/2025/Liberty-Grin.html","D:\github\ron-english-paintings-2020s\detail\paintings\2020s\2025\Liberty-Grin.html","YES","../../../images/Paintings/2020s/2025/liberty_grin.jpg","D:\github\ron-english-paintings-2020s\images\Paintings\2020s\2025\liberty_grin.jpg","YES","Liberty Grin","2025","Oil and acrylic on paper","24 × 36 inches","RE-001707","RE-001707","Signed ""ENGLISH,"" lower right.","../../../../images/Paintings/2020s/2025/liberty_grin.jpg","YES"
"19","Liberty Grin Stencil","Liberty Grin Stencil","../../../detail/paintings/2020s/2025/Liberty-Grin-Stencil-1.html","D:\github\ron-english-paintings-2020s\detail\paintings\2020s\2025\Liberty-Grin-Stencil-1.html","YES","../../../images/Paintings/2020s/2025/liberty_grin_stencil_1.jpg","D:\github\ron-english-paintings-2020s\images\Paintings\2020s\2025\liberty_grin_stencil_1.jpg","YES","Liberty Grin Stencil 1","2025","Spray paint on paper","24 × 36 inches","RE-001708","RE-001708","None observed.","../../../../images/Paintings/2020s/2025/liberty_grin_stencil_1.jpg","YES"
"20","Mc Supersized","Mc Supersized","../../../detail/paintings/2020s/2025/Mc-Supersized.html","D:\github\ron-english-paintings-2020s\detail\paintings\2020s\2025\Mc-Supersized.html","YES","../../../images/Paintings/2020s/2025/mc_supersized.jpg","D:\github\ron-english-paintings-2020s\images\Paintings\2020s\2025\mc_supersized.jpg","YES","MC Supersized","2025","Oil and acrylic on paper","24 × 36 inches","RE-001710","RE-001710","None observed.","../../../../images/Paintings/2020s/2025/mc_supersized.jpg","YES"
"21","Mickey Marilyn","Mickey Marilyn","../../../detail/paintings/2020s/2025/Mickey-Marilyn.html","D:\github\ron-english-paintings-2020s\detail\paintings\2020s\2025\Mickey-Marilyn.html","YES","../../../images/Paintings/2020s/2025/mickey_marilyn.jpg","D:\github\ron-english-paintings-2020s\images\Paintings\2020s\2025\mickey_marilyn.jpg","YES","Marilyn Mickies","2025","Oil and acrylic on paper","24 × 36 inches","RE-001709","RE-001709","None observed.","../../../../images/Paintings/2020s/2025/mickey_marilyn.jpg","YES"
"22","Mona Lisa Grin Stencil 1","Mona Lisa Grin Stencil 1","../../../detail/paintings/2020s/2025/Mona-Lisa-Grin.html","D:\github\ron-english-paintings-2020s\detail\paintings\2020s\2025\Mona-Lisa-Grin.html","YES","../../../images/Paintings/2020s/2025/mona_lisa_grin.jpg","D:\github\ron-english-paintings-2020s\images\Paintings\2020s\2025\mona_lisa_grin.jpg","YES","Mona Lisa Grin Stencil 1","2025","Spray paint on paper","24 × 36 inches","RE-001711","RE-001711","None observed.","../../../../images/Paintings/2020s/2025/mona_lisa_grin.jpg","YES"
"23","Mona Lisa Grin Stencil 2","Mona Lisa Grin Stencil 2","../../../detail/paintings/2020s/2025/Mona-Lisa-Grin-Stencil-2.html","D:\github\ron-english-paintings-2020s\detail\paintings\2020s\2025\Mona-Lisa-Grin-Stencil-2.html","YES","../../../images/Paintings/2020s/2025/mona_lisa_grin_stencil_2.jpg","D:\github\ron-english-paintings-2020s\images\Paintings\2020s\2025\mona_lisa_grin_stencil_2.jpg","YES","Mona Lisa Grin Stencil 2","2025","Spray paint on paper","24 × 36 inches","RE-001712","RE-001712","None observed.","../../../../images/Paintings/2020s/2025/mona_lisa_grin_stencil_2.jpg","YES"
"24","Monarch Elephant Stencil 1","Monarch Elephant Stencil 1","../../../detail/paintings/2020s/2025/Monarch-Elephant-Stencil-1.html","D:\github\ron-english-paintings-2020s\detail\paintings\2020s\2025\Monarch-Elephant-Stencil-1.html","YES","../../../images/Paintings/2020s/2025/monarch_elephant_stencil_1.jpg","D:\github\ron-english-paintings-2020s\images\Paintings\2020s\2025\monarch_elephant_stencil_1.jpg","YES","Monarch Elephant Stencil 1","2025","Spray paint on paper","24 × 36 inches","RE-001713","RE-001713","None observed.","../../../../images/Paintings/2020s/2025/monarch_elephant_stencil_1.jpg","YES"
"25","Monarch Fish","Monarch Fish","../../../detail/paintings/2020s/2025/Monarch-Fish.html","D:\github\ron-english-paintings-2020s\detail\paintings\2020s\2025\Monarch-Fish.html","YES","../../../images/Paintings/2020s/2025/monarch_fish.jpg","D:\github\ron-english-paintings-2020s\images\Paintings\2020s\2025\monarch_fish.jpg","YES","Monarch Fish","2025","Oil and acrylic on paper","24 × 36 inches","RE-001714","RE-001714","None observed.","../../../../images/Paintings/2020s/2025/monarch_fish.jpg","YES"
"26","Old Spongebob","Old Spongebob","../../../detail/paintings/2020s/2025/Old-Spongebob.html","D:\github\ron-english-paintings-2020s\detail\paintings\2020s\2025\Old-Spongebob.html","YES","../../../images/Paintings/2020s/2025/old spongebob.jpg","D:\github\ron-english-paintings-2020s\images\Paintings\2020s\2025\old spongebob.jpg","YES","Old Spongebob","2025","Oil and acrylic on paper","24 × 36 inches","RE-001715","RE-001715","None observed.","../../../../images/Paintings/2020s/2025/old spongebob.jpg","YES"
"27","Peace Combrat","Peace Combrat","../../../detail/paintings/2020s/2025/Peace-Combrat.html","D:\github\ron-english-paintings-2020s\detail\paintings\2020s\2025\Peace-Combrat.html","YES","../../../images/Paintings/2020s/2025/peace_combrat.jpg","D:\github\ron-english-paintings-2020s\images\Paintings\2020s\2025\peace_combrat.jpg","YES","Peace Combrat","2025","Oil and acrylic on paper","24 × 36 inches","RE-001716","RE-001716","None observed.","../../../../images/Paintings/2020s/2025/peace_combrat.jpg","YES"
"28","Punk Skunk Landscape","Punk skunk Landscape","../../../detail/paintings/2020s/2025/Punkskunk-Landscape.html","D:\github\ron-english-paintings-2020s\detail\paintings\2020s\2025\Punkskunk-Landscape.html","YES","../../../images/Paintings/2020s/2025/punkskunk_landscape.jpg","D:\github\ron-english-paintings-2020s\images\Paintings\2020s\2025\punkskunk_landscape.jpg","YES","Punk Skunk Landscape","2025","Oil and acrylic on paper","24 × 36 inches","RE-001717","RE-001717","None observed.","../../../../images/Paintings/2020s/2025/punkskunk_landscape.jpg","YES"
"29","Ribcage Heart Stencil 1","Ribcage Heart Stencil 1","../../../detail/paintings/2020s/2025/Ribcage-Heart.html","D:\github\ron-english-paintings-2020s\detail\paintings\2020s\2025\Ribcage-Heart.html","YES","../../../images/Paintings/2020s/2025/ribcage_heart.jpg","D:\github\ron-english-paintings-2020s\images\Paintings\2020s\2025\ribcage_heart.jpg","YES","Ribcage Heart Stencil 1","2025","Spray paint on paper","24 × 36 inches","RE-001718","RE-001718","None observed.","../../../../images/Paintings/2020s/2025/ribcage_heart.jpg","YES"
"30","Ribcage Heart Stencil 2","Ribcage Heart Stencil 2","../../../detail/paintings/2020s/2025/Ribcage-Heart-2.html","D:\github\ron-english-paintings-2020s\detail\paintings\2020s\2025\Ribcage-Heart-2.html","YES","../../../images/Paintings/2020s/2025/ribcage_heart_2.jpg","D:\github\ron-english-paintings-2020s\images\Paintings\2020s\2025\ribcage_heart_2.jpg","YES","Ribcage Heart Stencil 2","2025","Spray paint on paper","24 × 36 inches","RE-001719","RE-001719","None observed.","../../../../images/Paintings/2020s/2025/ribcage_heart_2.jpg","YES"
"31","Ronnnie Rabbbit with Carrot","Ronnnie Rabbbit with Carrot","../../../detail/paintings/2020s/2025/Ronnnie.html","D:\github\ron-english-paintings-2020s\detail\paintings\2020s\2025\Ronnnie.html","YES","../../../images/Paintings/2020s/2025/ronnnie.jpg","D:\github\ron-english-paintings-2020s\images\Paintings\2020s\2025\ronnnie.jpg","YES","Ronnnie Rabbbit with Carrot","2025","Oil and acrylic on paper","24 × 36 inches","RE-001720","RE-001720","None observed.","../../../../images/Paintings/2020s/2025/ronnnie.jpg","YES"
"32","Slomo Fishing","Slomo Fishing","../../../detail/paintings/2020s/2025/Slomo-Fishing.html","D:\github\ron-english-paintings-2020s\detail\paintings\2020s\2025\Slomo-Fishing.html","YES","../../../images/Paintings/2020s/2025/slomo_fishing.jpg","D:\github\ron-english-paintings-2020s\images\Paintings\2020s\2025\slomo_fishing.jpg","YES","Slomo Fishing","2025","Oil and acrylic on paper","24 × 36 inches","RE-001721","RE-001721","None observed.","../../../../images/Paintings/2020s/2025/slomo_fishing.jpg","YES"
"33","Star Skull","Star skull","../../../detail/paintings/2020s/2025/Starskull-Painting.html","D:\github\ron-english-paintings-2020s\detail\paintings\2020s\2025\Starskull-Painting.html","YES","../../../images/Paintings/2020s/2025/starskull_painting.jpg","D:\github\ron-english-paintings-2020s\images\Paintings\2020s\2025\starskull_painting.jpg","YES","Star Skull Stencil 1","2025","Oil and acrylic on paper","24 × 36 inches","RE-001722","RE-001722","None observed.","../../../../images/Paintings/2020s/2025/starskull_painting.jpg","YES"
"34","Star Skull Stencil","Star skull Stencil","../../../detail/paintings/2020s/2025/Starskull-Stencil.html","D:\github\ron-english-paintings-2020s\detail\paintings\2020s\2025\Starskull-Stencil.html","YES","../../../images/Paintings/2020s/2025/starskull_stencil.jpg","D:\github\ron-english-paintings-2020s\images\Paintings\2020s\2025\starskull_stencil.jpg","YES","Star Skull Stencil 2","2025","Spray paint on paper","24 × 36 inches","RE-001724","RE-001724","None observed.","../../../../images/Paintings/2020s/2025/starskull_stencil.jpg","YES"
"35","Starskull Positive Negative Stencil","Starskull Positive Negative Stencil","../../../detail/paintings/2020s/2025/Starskull-Positive-Negative-Stencil.html","D:\github\ron-english-paintings-2020s\detail\paintings\2020s\2025\Starskull-Positive-Negative-Stencil.html","YES","../../../images/Paintings/2020s/2025/starskull_positive negative stencil.jpg","D:\github\ron-english-paintings-2020s\images\Paintings\2020s\2025\starskull_positive negative stencil.jpg","YES","Star Skull Positive/Negative Stencil","2025","Spray paint on paper","24 × 36 inches","RE-001723","RE-001723","None observed.","../../../../images/Paintings/2020s/2025/starskull_positive negative stencil.jpg","YES"
"36","Swordfish Trombone","Swordfish Trombone","../../../detail/paintings/2020s/2025/Swordfish-Trombone.html","D:\github\ron-english-paintings-2020s\detail\paintings\2020s\2025\Swordfish-Trombone.html","YES","../../../images/Paintings/2020s/2025/swordfish_trombone.jpg","D:\github\ron-english-paintings-2020s\images\Paintings\2020s\2025\swordfish_trombone.jpg","YES","Swordfish Trombone","2025","Oil and acrylic on paper","24 × 36 inches","RE-001725","RE-001725","Signed “ENGLISH,” lower right.","../../../../images/Paintings/2020s/2025/swordfish_trombone.jpg","YES"
"37","Teddy Grin","Teddy Grin","../../../detail/paintings/2020s/2025/Teddy-Grin.html","D:\github\ron-english-paintings-2020s\detail\paintings\2020s\2025\Teddy-Grin.html","YES","../../../images/Paintings/2020s/2025/teddy_grin.jpg","D:\github\ron-english-paintings-2020s\images\Paintings\2020s\2025\teddy_grin.jpg","YES","Teddy Grin","2025","Oil and acrylic on paper","24 × 36 inches","RE-001726","RE-001726","None observed.","../../../../images/Paintings/2020s/2025/teddy_grin.jpg","YES"
"38","Temper Tot Landscape","Temper Tot Landscape","../../../detail/paintings/2020s/2025/Temper-Tot-Landscape.html","D:\github\ron-english-paintings-2020s\detail\paintings\2020s\2025\Temper-Tot-Landscape.html","YES","../../../images/Paintings/2020s/2025/temper tot landscape.jpg","D:\github\ron-english-paintings-2020s\images\Paintings\2020s\2025\temper tot landscape.jpg","YES","Temper Tot Landscape","2025","Oil and acrylic on paper","24 × 36 inches","RE-001751","RE-001751","Signed “ENGLISH,” lower right.","../../../../images/Paintings/2020s/2025/temper tot landscape.jpg","YES"
"39","Temper Tot On Green Stencil","Temper tot On Green Stencil","../../../detail/paintings/2020s/2025/Tempertot-On-Green-Stencil.html","D:\github\ron-english-paintings-2020s\detail\paintings\2020s\2025\Tempertot-On-Green-Stencil.html","YES","../../../images/Paintings/2020s/2025/tempertot on green stencil.jpg","D:\github\ron-english-paintings-2020s\images\Paintings\2020s\2025\tempertot on green stencil.jpg","YES","Temper Tot on Green Stencil","2025","Spray paint on paper","24 × 36 inches","RE-001728","RE-001728","None observed.","../../../../images/Paintings/2020s/2025/tempertot on green stencil.jpg","YES"
"40","Temper Tot On White Stencil","Temper tot On White Stencil","../../../detail/paintings/2020s/2025/Tempertot-On-White-Stencil.html","D:\github\ron-english-paintings-2020s\detail\paintings\2020s\2025\Tempertot-On-White-Stencil.html","YES","../../../images/Paintings/2020s/2025/tempertot on white stencil.jpg","D:\github\ron-english-paintings-2020s\images\Paintings\2020s\2025\tempertot on white stencil.jpg","YES","Temper Tot on White Stencil","2025","Spray paint on paper","24 × 36 inches","RE-001729","RE-001729","None observed.","../../../../images/Paintings/2020s/2025/tempertot on white stencil.jpg","YES"
"41","The Last Supper Guernica","Last Supper Guernica","../../../detail/paintings/2020s/2025/The-Last-Supper-Guernica.html","D:\github\ron-english-paintings-2020s\detail\paintings\2020s\2025\The-Last-Supper-Guernica.html","YES","../../../images/Paintings/2020s/2025/The Last Supper Guernica.jpg","D:\github\ron-english-paintings-2020s\images\Paintings\2020s\2025\The Last Supper Guernica.jpg","YES","The Last Supper Guernica","2025","Oil on canvas","40 × 96 inches","RE-001730","RE-001730","None observed.","../../../../images/Paintings/2020s/2025/The Last Supper Guernica.jpg","YES"
"42","The Neurodivergent Last Supper","The Neurodivergent Last Supper (2025)","../../../detail/paintings/2020s/2025/The-Neurodivergent-Last-Supper.html","D:\github\ron-english-paintings-2020s\detail\paintings\2020s\2025\The-Neurodivergent-Last-Supper.html","YES","../../../images/Paintings/2020s/2025/The-Neurodivergent-Last-Supper.jpg","D:\github\ron-english-paintings-2020s\images\Paintings\2020s\2025\The-Neurodivergent-Last-Supper.jpg","YES","The Neurodivergent Last Supper","2025","Oil on canvas","6 × 16 feet","RE-001731","RE-001731","None observed.","../../../../images/Paintings/2020s/2025/The-Neurodivergent-Last-Supper.jpg","YES"
"43","Unicorn Balloon","Unicorn Balloon","../../../detail/paintings/2020s/2025/Unicorn-Balloon.html","D:\github\ron-english-paintings-2020s\detail\paintings\2020s\2025\Unicorn-Balloon.html","YES","../../../images/Paintings/2020s/2025/unicorn_balloon.jpg","D:\github\ron-english-paintings-2020s\images\Paintings\2020s\2025\unicorn_balloon.jpg","YES","Unicorn Balloon","2025","Oil and acrylic on paper","24 × 36 inches","RE-001732","RE-001732","Signed ""ENGLISH,"" lower right.","../../../../images/Paintings/2020s/2025/unicorn_balloon.jpg","YES"
"44","Union Jack Ladylips","Union jack Ladylips","../../../detail/paintings/2020s/2025/Unionjack-Ladylips.html","D:\github\ron-english-paintings-2020s\detail\paintings\2020s\2025\Unionjack-Ladylips.html","YES","../../../images/Paintings/2020s/2025/unionjack_ladylips.jpg","D:\github\ron-english-paintings-2020s\images\Paintings\2020s\2025\unionjack_ladylips.jpg","YES","Union Jack Lady Lips","2025","Oil and acrylic on paper","24 × 36 inches","RE-001733","RE-001733","None observed.","../../../../images/Paintings/2020s/2025/unionjack_ladylips.jpg","YES"
"45","Unipig","Unipig","../../../detail/paintings/2020s/2025/Unipig.html","D:\github\ron-english-paintings-2020s\detail\paintings\2020s\2025\Unipig.html","YES","../../../images/Paintings/2020s/2025/unipig.jpg","D:\github\ron-english-paintings-2020s\images\Paintings\2020s\2025\unipig.jpg","YES","Unipig","2025","Oil and acrylic on paper","24 × 36 inches","RE-001734","RE-001734","None observed.","../../../../images/Paintings/2020s/2025/unipig.jpg","YES"
"46","Urban Bigfoot Stencil","Urban Bigfoot Stencil","../../../detail/paintings/2020s/2025/Urban-Bigfoot-Stencil.html","D:\github\ron-english-paintings-2020s\detail\paintings\2020s\2025\Urban-Bigfoot-Stencil.html","YES","../../../images/Paintings/2020s/2025/urban_bigfoot_stencil.jpg","D:\github\ron-english-paintings-2020s\images\Paintings\2020s\2025\urban_bigfoot_stencil.jpg","YES","Urban Bigfoot Stencil","2025","Spray paint on paper","24 × 36 inches","RE-001735","RE-001735","None observed.","../../../../images/Paintings/2020s/2025/urban_bigfoot_stencil.jpg","YES"
"47","Yin Yang Teenagers","Yin yang Teenagers","../../../detail/paintings/2020s/2025/Yinyang-Teens.html","D:\github\ron-english-paintings-2020s\detail\paintings\2020s\2025\Yinyang-Teens.html","YES","../../../images/Paintings/2020s/2025/yinyang_teens.jpg","D:\github\ron-english-paintings-2020s\images\Paintings\2020s\2025\yinyang_teens.jpg","YES","Yin Yang Teenagers","2025","Oil and acrylic on paper","24 × 36 inches","RE-001736","RE-001736","None observed.","../../../../images/Paintings/2020s/2025/yinyang_teens.jpg","YES"
"48","Zelephant","Zelephant","../../../detail/paintings/2020s/2025/Zelephant.html","D:\github\ron-english-paintings-2020s\detail\paintings\2020s\2025\Zelephant.html","YES","../../../images/Paintings/2020s/2025/zelephant.jpg","D:\github\ron-english-paintings-2020s\images\Paintings\2020s\2025\zelephant.jpg","YES","Zelephant","2025","Oil and acrylic on paper","24 × 36 inches","RE-001737","RE-001737","None observed.","../../../../images/Paintings/2020s/2025/zelephant.jpg","YES"
