"Item","Path","Exists"
"Repo root","D:\github\ron-english-paintings-2020s","YES"
"2020s overview page","D:\github\ron-english-paintings-2020s\paintings\2020s.html","YES"
"2025 index page","D:\github\ron-english-paintings-2020s\paintings\2020s\2025\index.html","YES"
"2025 detail folder","D:\github\ron-english-paintings-2020s\detail\paintings\2020s\2025","YES"
"2025 image folder","D:\github\ron-english-paintings-2020s\images\Paintings\2020s\2025","YES"
"2026 index page","D:\github\ron-english-paintings-2020s\paintings\2020s\2026\index.html","NO"
"2026 detail folder","D:\github\ron-english-paintings-2020s\detail\paintings\2020s\2026","YES"
"2026 image folder","D:\github\ron-english-paintings-2020s\images\Paintings\2020s\2026","YES"
"Web documentation folder","D:\github\ron-english-paintings-2020s\images\Paintings\Web-Documentation3","YES"
